DATE,HOME_TEAM,HOME_GOALS,AWAY_GOALS,AWAY_TEAM,COMPETITION,STAGE,WINNER,INSTANCE
2025-06-05,Spain,5,4,France,European Nations League,Semi-final,Spain,full-time
2025-06-08,Portugal,2,2,Spain,European Nations League,Final,Portugal,penalties
2025-09-04,Bulgaria,0,3,Spain,World Cup,Qualification,Spain,full-time
2025-09-07,Turkey,0,6,Spain,World Cup,Qualification,Spain,full-time
2025-10-11,Spain,2,0,Georgia,World Cup,Qualification,Spain,full-time
2025-10-14,Spain,4,0,Bulgaria,World Cup,Qualification,Spain,full-time
2025-11-15,Georgia,0,4,Spain,World Cup,Qualification,Spain,full-time
2025-11-18,Spain,2,2,Turkey,World Cup,Qualification,,full-time
2026-03-27,Spain,3,0,Serbia,Friendly,,Spain,full-time
2026-03-31,Spain,0,0,Egypt,Friendly,,,full-time
2026-06-04,Spain,1,1,Iraq,Friendly,,,full-time
2025-11-15,Mexico,0,0,Uruguay,Friendly,,,full-time
2025-11-18,Paraguay,2,1,Mexico,Friendly,,Paraguay,full-time
2026-01-22,Panama,0,1,Mexico,Friendly,,Mexico,full-time
2026-01-25,Bolivia,0,1,Mexico,Friendly,,Mexico,full-time
2026-02-25,Mexico,4,0,Iceland,Friendly,,Mexico,full-time
2026-03-28,Mexico,0,0,Portugal,Friendly,,,full-time
2026-03-31,Belgium,1,1,Mexico,Friendly,,,full-time
2026-05-22,Mexico,2,0,Ghana,Friendly,,Mexico,full-time
2026-05-30,Mexico,1,0,Australia,Friendly,,Mexico,full-time
2026-06-04,Mexico,5,1,Serbia,Friendly,,Mexico,full-time
2025-09-05,Montenegro,0,2,Czechia,World Cup,Qualification,Czechia,full-time
2025-09-08,Czechia,1,1,Saudi Arabia,Friendly,,,full-time
2025-10-09,Czechia,0,0,Croatia,World Cup,Qualification,,full-time
2025-10-12,Faroe Islands,2,1,Czechia,World Cup,Qualification,Faroe Islands,full-time
2025-11-13,Czechia,1,0,San Marino,Friendly,,Czechia,full-time
2025-11-17,Czechia,6,0,Gibraltar,World Cup,Qualification,Czechia,full-time
2026-03-26,Czechia,2,2,Ireland,World Cup,Qualification,Czechia,penalties
2026-03-31,Czechia,2,2,Denmark,World Cup,Qualification,Czechia,penalties
2026-05-31,Czechia,2,1,Kosovo,Friendly,,Czechia,full-time
2026-06-04,Czechia,3,1,Guatemala,Friendly,,Czechia,full-time
2025-09-06,USA,0,2,South Korea,Friendly,,South Korea,full-time
2025-09-09,Mexico,2,2,South Korea,Friendly,,,full-time
2025-10-10,South Korea,0,5,Brazil,Friendly,,Brazil,full-time
2025-10-14,South Korea,2,0,Paraguay,Friendly,,South Korea,full-time
2025-11-14,South Korea,2,0,Bolivia,Friendly,,South Korea,full-time
2025-11-18,South Korea,1,0,Ghana,Friendly,,South Korea,full-time
2026-03-28,Ivory Coast,4,0,South Korea,Friendly,,Ivory Coast,full-time
2026-03-31,Austria,1,0,South Korea,Friendly,,Austria,full-time
2026-05-30,South Korea,5,0,Trinidad and Tobago,Friendly,,South Korea,full-time
2026-06-03,South Korea,1,0,El Salvador,Friendly,,South Korea,full-time
2025-09-05,Romania,0,3,Canada,Friendly,,Canada,full-time
2025-09-09,Wales,0,1,Canada,Friendly,,Canada,full-time
2025-10-10,Canada,0,1,Australia,Friendly,,Australia,full-time
2025-10-14,Canada,0,0,Colombia,Friendly,,,full-time
2025-11-13,Canada,0,0,Ecuador,Friendly,,,full-time
2025-11-18,Canada,2,0,Venezuela,Friendly,,Canada,full-time
2026-01-17,Canada,1,0,Guatemala,Friendly,,Canada,full-time
2026-03-28,Canada,2,2,Iceland,2026 Toronto Tournament,,,full-time
2026-03-31,Canada,0,0,Tunisia,2026 Toronto Tournament,,,full-time
2026-06-01,Canada,2,0,Uzbekistan,Friendly,,Canada,full-time
2025-06-10,USA,0,4,Switzerland,Friendly,,Switzerland,full-time
2025-09-05,Switzerland,4,0,Kosovo,World Cup,Qualification,Switzerland,full-time
2025-09-08,Switzerland,3,0,Slovenia,World Cup,Qualification,Switzerland,full-time
2025-10-10,Sweden,0,2,Switzerland,World Cup,Qualification,Switzerland,full-time
2025-10-13,Slovenia,0,0,Switzerland,World Cup,Qualification,,full-time
2025-11-15,Switzerland,4,1,Sweden,World Cup,Qualification,Switzerland,full-time
2025-11-18,Kosovo,1,1,Switzerland,World Cup,Qualification,,full-time
2026-03-27,Switzerland,3,4,Germany,Friendly,,Germany,full-time
2026-03-31,Norway,0,0,Switzerland,Friendly,,,full-time
2026-05-31,Switzerland,4,1,Jordan,Friendly,,Switzerland,full-time
2025-06-10,Slovenia,2,1,Bosnia and Herzegovina,Friendly,,Slovenia,full-time
2025-09-06,San Marino,0,6,Bosnia and Herzegovina,World Cup,Qualification,Bosnia and Herzegovina,full-time
2025-09-09,Bosnia and Herzegovina,1,2,Austria,World Cup,Qualification,Austria,full-time
2025-10-09,Cyprus,2,2,Bosnia and Herzegovina,World Cup,Qualification,,full-time
2025-10-12,Malta,1,4,Bosnia and Herzegovina,Friendly,,Bosnia and Herzegovina,full-time
2025-11-15,Bosnia and Herzegovina,3,1,Romania,World Cup,Qualification,Bosnia and Herzegovina,full-time
2025-11-18,Austria,1,1,Bosnia and Herzegovina,World Cup,Qualification,,full-time
2026-03-26,Wales,1,1,Bosnia and Herzegovina,World Cup,Qualification,Bosnia and Herzegovina,penalties
2026-03-31,Bosnia and Herzegovina,1,1,Italy,World Cup,Qualification,Bosnia and Herzegovina,penalties
2026-05-29,Bosnia and Herzegovina,0,0,North Macedonia,Friendly,,,full-time
2025-06-10,Brazil,1,0,Paraguay,World Cup,Qualification,Brazil,full-time
2025-09-04,Brazil,3,0,Chile,World Cup,Qualification,Brazil,full-time
2025-09-09,Bolivia,1,0,Brazil,World Cup,Qualification,Bolivia,full-time
2025-10-14,Japan,3,2,Brazil,Friendly,,Japan,full-time
2025-11-15,Brazil,2,0,Senegal,Friendly,,Brazil,full-time
2025-11-18,Brazil,1,1,Tunisia,Friendly,,,full-time
2026-03-26,France,2,1,Brazil,Friendly,,France,full-time
2026-03-31,Brazil,3,1,Croatia,Friendly,,Brazil,full-time
2026-05-31,Brazil,6,2,Panama,Friendly,,Brazil,full-time
2025-12-26,Morocco,1,1,Mali,African Nations Cup,1st round,,full-time
2025-12-29,Morocco,3,0,Zambia,African Nations Cup,1st round,Morocco,full-time
2026-01-04,Morocco,1,0,Tanzania,African Nations Cup,2nd round,Morocco,full-time
2026-01-09,Morocco,2,0,Cameroon,African Nations Cup,Quarter-final,Morocco,full-time
2026-01-14,Morocco,0,0,Nigeria,African Nations Cup,Semi-final,Morocco,penalties
2026-01-18,Morocco,0,1,Senegal,African Nations Cup,Final,Senegal,full-time
2026-03-27,Ecuador,1,1,Morocco,Friendly,,,full-time
2026-03-31,Morocco,2,1,Paraguay,Friendly,,Morocco,full-time
2026-05-26,Morocco,5,0,Burundi,Friendly,,Morocco,full-time
2026-06-02,Morocco,4,0,Madagascar,Friendly,,Morocco,full-time
2025-06-05,Paraguay,2,0,Uruguay,World Cup,Qualification,Paraguay,full-time
2025-09-04,Paraguay,0,0,Ecuador,World Cup,Qualification,,full-time
2025-09-09,Peru,0,1,Paraguay,World Cup,Qualification,Paraguay,full-time
2025-10-10,Japan,2,2,Paraguay,Friendly,,,full-time
2025-11-15,USA,2,1,Paraguay,Friendly,,USA,full-time
2026-03-27,Greece,0,1,Paraguay,Friendly,,Paraguay,full-time
2025-06-10,Saudi Arabia,1,2,Australia,World Cup,Qualification,Australia,full-time
2025-09-05,Australia,1,0,New Zealand,Friendly,,Australia,full-time
2025-09-09,New Zealand,1,3,Australia,Friendly,,Australia,full-time
2025-10-14,USA,2,1,Australia,Friendly,,USA,full-time
2025-11-14,Venezuela,1,0,Australia,Friendly,,Venezuela,full-time
2025-11-18,Colombia,3,0,Australia,Friendly,,Colombia,full-time
2026-03-27,Australia,1,0,Cameroon,FIFA Series,,Australia,full-time
2026-03-31,Australia,5,1,Curaçao,FIFA Series,,Australia,full-time
2025-06-10,Mexico,1,0,Turkey,Friendly,,Mexico,full-time
2025-09-04,Georgia,2,3,Turkey,World Cup,Qualification,Turkey,full-time
2025-10-11,Bulgaria,1,6,Turkey,World Cup,Qualification,Turkey,full-time
2025-10-14,Turkey,4,1,Georgia,World Cup,Qualification,Turkey,full-time
2025-11-15,Turkey,2,0,Bulgaria,World Cup,Qualification,Turkey,full-time
2026-03-26,Turkey,1,0,Romania,World Cup,Qualification,Turkey,full-time
2026-03-31,Kosovo,0,1,Turkey,World Cup,Qualification,Turkey,full-time
2026-06-01,Turkey,4,0,North Macedonia,Friendly,,Turkey,full-time
2025-06-08,Germany,0,2,France,European Nations League,3rd place,France,full-time
2025-09-04,Slovakia,2,0,Germany,World Cup,Qualification,Slovakia,full-time
2025-09-07,Germany,3,1,Northern Ireland,World Cup,Qualification,Germany,full-time
2025-10-10,Germany,4,0,Luxembourg,World Cup,Qualification,Germany,full-time
2025-10-13,Northern Ireland,0,1,Germany,World Cup,Qualification,Germany,full-time
2025-11-14,Luxembourg,0,2,Germany,World Cup,Qualification,Germany,full-time
2025-11-17,Germany,6,0,Slovakia,World Cup,Qualification,Germany,full-time
2026-03-30,Germany,2,1,Ghana,Friendly,,Germany,full-time
2026-05-31,Germany,4,0,Finland,Friendly,,Germany,full-time
2025-11-14,Saudi Arabia,1,0,Ivory Coast,Friendly,,Saudi Arabia,full-time
2025-11-18,Oman,0,2,Ivory Coast,Friendly,,Ivory Coast,full-time
2025-12-24,Ivory Coast,1,0,Mozambique,African Nations Cup,1st round,Ivory Coast,full-time
2025-12-28,Cameroon,1,1,Ivory Coast,African Nations Cup,1st round,,full-time
2025-12-31,Ivory Coast,3,2,Gabon,African Nations Cup,1st round,Ivory Coast,full-time
2026-01-06,Ivory Coast,3,0,Burkina Faso,African Nations Cup,2nd round,Ivory Coast,full-time
2026-01-10,Egypt,3,2,Ivory Coast,African Nations Cup,Quarter-final,Egypt,full-time
2026-03-31,Ivory Coast,1,0,Scotland,Friendly,,Ivory Coast,full-time
2026-06-04,France,1,2,Ivory Coast,Friendly,,Ivory Coast,full-time
2025-06-10,Peru,0,0,Ecuador,World Cup,Qualification,,full-time
2025-09-09,Ecuador,1,0,Argentina,World Cup,Qualification,Ecuador,full-time
2025-10-10,USA,1,1,Ecuador,Friendly,,,full-time
2025-10-14,Mexico,1,1,Ecuador,Friendly,,,full-time
2025-11-18,Ecuador,2,0,New Zealand,Friendly,,Ecuador,full-time
2026-03-31,Netherlands,1,1,Ecuador,Friendly,,,full-time
2026-05-30,Ecuador,2,1,Saudi Arabia,Friendly,,Ecuador,full-time
2025-06-10,Netherlands,8,0,Malta,World Cup,Qualification,Netherlands,full-time
2025-09-04,Netherlands,1,1,Poland,World Cup,Qualification,,full-time
2025-09-07,Lithuania,2,3,Netherlands,World Cup,Qualification,Netherlands,full-time
2025-10-09,Malta,0,4,Netherlands,World Cup,Qualification,Netherlands,full-time
2025-10-12,Netherlands,4,0,Finland,World Cup,Qualification,Netherlands,full-time
2025-11-14,Poland,1,1,Netherlands,World Cup,Qualification,,full-time
2025-11-17,Netherlands,4,0,Lithuania,World Cup,Qualification,Netherlands,full-time
2026-03-27,Netherlands,2,1,Norway,Friendly,,Netherlands,full-time
2026-06-03,Netherlands,0,1,Algeria,Friendly,,Algeria,full-time
2025-07-15,South Korea,0,1,Japan,East Asian Championship,,Japan,full-time
2025-09-06,Japan,0,0,Mexico,Friendly,,,full-time
2025-09-09,USA,2,0,Japan,Friendly,,USA,full-time
2025-11-14,Japan,2,0,Ghana,Friendly,,Japan,full-time
2025-11-18,Japan,3,0,Bolivia,Friendly,,Japan,full-time
2026-03-28,Scotland,0,1,Japan,Friendly,,Japan,full-time
2026-03-31,England,0,1,Japan,Friendly,,Japan,full-time
2026-05-31,Japan,1,0,Iceland,Friendly,,Japan,full-time
2025-09-05,Slovenia,2,2,Sweden,World Cup,Qualification,,full-time
2025-09-08,Kosovo,2,0,Sweden,World Cup,Qualification,Kosovo,full-time
2025-10-13,Sweden,0,1,Kosovo,World Cup,Qualification,Kosovo,full-time
2025-11-18,Sweden,1,1,Slovenia,World Cup,Qualification,,full-time
2026-03-26,Sweden,3,1,Ukraine,World Cup,Qualification,Sweden,full-time
2026-03-31,Sweden,3,2,Poland,World Cup,Qualification,Sweden,full-time
2026-06-01,Norway,3,1,Sweden,Friendly,,Sweden,full-time
2026-06-04,Sweden,2,2,Greece,Friendly,,,full-time
2025-06-09,Belgium,4,3,Wales,World Cup,Qualification,Wales,full-time
2025-09-04,Liechtenstein,0,6,Belgium,World Cup,Qualification,Belgium,full-time
2025-09-07,Belgium,6,0,Kazakhstan,World Cup,Qualification,Belgium,full-time
2025-10-10,Belgium,0,0,North Macedonia,World Cup,Qualification,,full-time
2025-10-13,Wales,2,4,Belgium,World Cup,Qualification,Belgium,full-time
2025-11-15,Kazakhstan,1,1,Belgium,World Cup,Qualification,,full-time
2025-11-18,Belgium,7,0,Liechtenstein,World Cup,Qualification,Belgium,full-time
2026-03-28,USA,2,5,Belgium,Friendly,,Belgium,full-time
2026-06-02,Croatia,0,2,Belgium,Friendly,,Belgium,full-time
2025-12-22,Egypt,2,1,Zimbabwe,African Nations Cup,1st round,Egypt,full-time
2025-12-26,Egypt,1,0,South Africa,African Nations Cup,1st round,Egypt,full-time
2025-12-29,Angola,0,0,Egypt,African Nations Cup,1st round,,full-time
2026-01-05,Egypt,3,1,Benin,African Nations Cup,2nd round,Egypt,full-time
2026-01-14,Senegal,1,0,Egypt,African Nations Cup,Semi-final,Senegal,full-time
2026-01-17,Egypt,0,0,Nigeria,African Nations Cup,3rd place,Nigeria,penalties
2026-03-27,Saudi Arabia,0,4,Egypt,Friendly,,Egypt,full-time
2026-05-28,Egypt,1,0,Russia,Friendly,,Egypt,full-time
2025-06-10,Ukraine,2,1,New Zealand,Canadian Shield,,Ukraine,full-time
2025-10-09,Poland,1,0,New Zealand,Friendly,,Poland,full-time
2025-10-14,Norway,1,1,New Zealand,Friendly,,,full-time
2025-11-15,Colombia,2,1,New Zealand,Friendly,,Colombia,full-time
2026-03-27,New Zealand,0,2,Finland,FIFA Series,,Finland,full-time
2026-03-30,New Zealand,4,1,Chile,FIFA Series,,New Zealand,full-time
2026-06-02,Haiti,4,0,New Zealand,Friendly,,Haiti,full-time
2025-06-10,Uruguay,2,0,Venezuela,World Cup,Qualification,Uruguay,full-time
2025-09-04,Uruguay,3,0,Peru,World Cup,Qualification,Uruguay,full-time
2025-09-09,Chile,0,0,Uruguay,World Cup,Qualification,,full-time
2025-10-10,Uruguay,1,0,Dominican Republic,Friendly,,Uruguay,full-time
2025-10-13,Uruguay,2,1,Uzbekistan,Friendly,,Uruguay,full-time
2025-11-18,USA,5,1,Uruguay,Friendly,,USA,full-time
2026-03-27,England,1,1,Uruguay,Friendly,,,full-time
2026-03-31,Algeria,0,0,Uruguay,Friendly,,,full-time
2025-09-05,France,2,0,Ukraine,World Cup,Qualification,France,full-time
2025-09-09,France,2,1,Iceland,World Cup,Qualification,France,full-time
2025-10-10,France,3,0,Azerbaijan,World Cup,Qualification,France,full-time
2025-10-13,Iceland,2,2,France,World Cup,Qualification,,full-time
2025-11-13,France,4,0,Ukraine,World Cup,Qualification,France,full-time
2025-11-16,Azerbaijan,1,3,France,World Cup,Qualification,France,full-time
2026-03-29,France,3,1,Colombia,Friendly,,France,full-time
2025-06-09,Estonia,0,1,Norway,World Cup,Qualification,Norway,full-time
2025-09-04,Norway,1,0,Finland,Friendly,,Norway,full-time
2025-09-09,Norway,11,1,Moldova,World Cup,Qualification,Norway,full-time
2025-10-11,Norway,5,0,Israel,World Cup,Qualification,Norway,full-time
2025-11-13,Norway,4,1,Estonia,World Cup,Qualification,Norway,full-time
2025-11-16,Italy,1,4,Norway,World Cup,Qualification,Norway,full-time
2025-03-25,Argentina,4,1,Brazil,World Cup,Qualification,Argentina,full-time
2025-06-05,Chile,0,1,Argentina,World Cup,Qualification,Argentina,full-time
2025-06-10,Argentina,1,1,Colombia,World Cup,Qualification,,full-time
2025-09-04,Argentina,3,0,Venezuela,World Cup,Qualification,Argentina,full-time
2025-10-10,Argentina,1,0,Venezuela,Friendly,,Argentina,full-time
2025-10-14,Argentina,6,0,Puerto Rico,Friendly,,Argentina,full-time
2025-11-14,Angola,0,2,Argentina,Friendly,,Argentina,full-time
2026-03-27,Argentina,2,1,Mauritania,Friendly,,Argentina,full-time
2026-03-31,Argentina,5,0,Zambia,Friendly,,Argentina,full-time
2025-12-09,Algeria,2,0,Iraq,Arab Cup,1st round,Algeria,full-time
2025-12-12,Algeria,1,1,United Arab Emirates,Arab Cup,Quarter-final,United Arab Emirates,penalties
2025-12-24,Algeria,3,0,Sudan,African Nations Cup,1st round,Algeria,full-time
2025-12-28,Algeria,1,0,Burkina Faso,African Nations Cup,1st round,Algeria,full-time
2025-12-31,Algeria,3,1,Equatorial Guinea,African Nations Cup,1st round,Algeria,full-time
2026-01-06,Algeria,1,0,DR Congo,African Nations Cup,2nd round,Algeria,full-time
2026-01-10,Nigeria,2,0,Algeria,African Nations Cup,Quarter-final,Nigeria,full-time
2026-03-27,Algeria,7,0,Guatemala,Friendly,,Algeria,full-time
2025-06-10,San Marino,0,4,Austria,World Cup,Qualification,Austria,full-time
2025-09-06,Austria,1,0,Cyprus,World Cup,Qualification,Austria,full-time
2025-10-09,Austria,10,0,San Marino,World Cup,Qualification,Austria,full-time
2025-10-12,Romania,1,0,Austria,World Cup,Qualification,Romania,full-time
2025-11-15,Cyprus,0,2,Austria,World Cup,Qualification,Austria,full-time
2026-03-27,Austria,5,1,Ghana,Friendly,,Austria,full-time
2026-06-01,Austria,1,0,Tunisia,Friendly,,Austria,full-time
2025-06-04,Germany,1,2,Portugal,European Nations League,Semi-final,Portugal,full-time
2025-09-06,Armenia,0,5,Portugal,World Cup,Qualification,Portugal,full-time
2025-09-09,Hungary,2,3,Portugal,World Cup,Qualification,Portugal,full-time
2025-10-11,Portugal,1,0,Ireland,World Cup,Qualification,Portugal,full-time
2025-10-14,Portugal,2,2,Hungary,World Cup,Qualification,,full-time
2025-11-13,Ireland,2,0,Portugal,World Cup,Qualification,Ireland,full-time
2025-11-16,Portugal,9,1,Armenia,World Cup,Qualification,Portugal,full-time
2026-03-31,USA,0,2,Portugal,Friendly,,Portugal,full-time
2025-09-08,Uzbekistan,1,0,Iran,Central Asian Nations Cup,Final,Uzbekistan,full-time
2025-10-09,Uzbekistan,2,0,Kuwait,Friendly,,Uzbekistan,full-time
2025-11-14,Uzbekistan,2,0,Egypt,Al Ain Tournament,Semi-final,Uzbekistan,full-time
2025-11-18,Iran,0,0,Uzbekistan,Al Ain Tournament,Final,Uzbekistan,penalties
2026-01-26,China,2,2,Uzbekistan,Friendly,,,full-time
2026-01-30,Uzbekistan,4,2,Armenia,Friendly,,Uzbekistan,full-time
2026-03-27,Uzbekistan,3,1,Gabon,FIFA Series,,Uzbekistan,full-time
2026-03-30,Uzbekistan,0,0,Venezuela,FIFA Series,,Uzbekistan,penalties
2025-09-04,Colombia,3,0,Bolivia,World Cup,Qualification,Colombia,full-time
2025-09-09,Venezuela,3,6,Colombia,World Cup,Qualification,Colombia,full-time
2025-10-11,Colombia,4,0,Mexico,Friendly,,Colombia,full-time
2026-03-26,Croatia,2,1,Colombia,Friendly,,Croatia,full-time
2026-06-01,Colombia,3,1,Costa Rica,Friendly,,Colombia,full-time
2025-06-07,England,1,0,Andorra,World Cup,Qualification,England,full-time
2025-06-10,England,1,3,Senegal,Friendly,,Senegal,full-time
2025-09-06,England,2,0,Andorra,World Cup,Qualification,England,full-time
2025-09-09,Serbia,0,5,England,World Cup,Qualification,England,full-time
2025-10-09,England,3,0,Wales,Friendly,,England,full-time
2025-10-14,Latvia,0,5,England,World Cup,Qualification,England,full-time
2025-11-13,England,2,0,Serbia,World Cup,Qualification,England,full-time
2025-11-16,Albania,0,2,England,World Cup,Qualification,England,full-time
2025-06-09,Croatia,5,1,Czechia,World Cup,Qualification,Croatia,full-time
2025-09-05,Faroe Islands,0,1,Croatia,World Cup,Qualification,Croatia,full-time
2025-09-08,Croatia,4,0,Montenegro,World Cup,Qualification,Croatia,full-time
2025-10-12,Croatia,3,0,Gibraltar,World Cup,Qualification,Croatia,full-time
2025-11-14,Croatia,3,1,Faroe Islands,World Cup,Qualification,Croatia,full-time
2025-11-17,Montenegro,2,3,Croatia,World Cup,Qualification,Croatia,full-time
2025-11-15,South Africa,3,1,Zambia,Friendly,,South Africa,full-time
2025-12-16,South Africa,1,0,Ghana,Friendly,,South Africa,full-time
2025-12-22,South Africa,2,1,Angola,African Nations Cup,1st round,South Africa,full-time
2025-12-29,South Africa,3,2,Zimbabwe,African Nations Cup,1st round,South Africa,full-time
2026-01-04,Cameroon,2,1,South Africa,African Nations Cup,2nd round,Cameroon,full-time
2026-03-27,South Africa,1,1,Panama,Friendly,,,full-time
2026-03-31,South Africa,1,2,Panama,Friendly,,Panama,full-time
2026-05-29,South Africa,0,0,Nicaragua,Friendly,,,full-time
2026-06-06,Jamaica,1,1,South Africa,Friendly,,,full-time
2025-09-03,Qatar,2,2,Bahrain,Friendly,,,full-time
2025-09-07,Qatar,1,4,Russia,Friendly,,Russia,full-time
2025-10-08,Qatar,0,0,Oman,World Cup,Qualification,,full-time
2025-10-14,Qatar,2,1,United Arab Emirates,World Cup,Qualification,Qatar,full-time
2025-11-17,Qatar,1,2,Zimbabwe,Friendly,,Zimbabwe,full-time
2025-12-01,Qatar,0,1,Palestine,Arab Cup,,Palestine,full-time
2025-12-04,Qatar,1,1,Syria,Arab Cup,,,full-time
2025-12-07,Qatar,0,3,Tunisia,Arab Cup,,Tunisia,full-time
2026-05-28,Ireland,1,0,Qatar,Friendly,,Ireland,full-time
2026-06-06,El Salvador,0,0,Qatar,Friendly,,,full-time
2025-09-05,Denmark,0,0,Scotland,World Cup,Qualification,,full-time
2025-09-08,Scotland,2,0,Belarus,World Cup,Qualification,Scotland,full-time
2025-10-09,Scotland,3,1,Greece,World Cup,Qualification,Scotland,full-time
2025-10-12,Scotland,2,1,Belarus,World Cup,Qualification,Scotland,full-time
2025-11-15,Greece,3,2,Scotland,World Cup,Qualification,Greece,full-time
2025-11-18,Scotland,4,2,Denmark,World Cup,Qualification,Scotland,full-time
2026-05-30,Scotland,4,1,Curaçao,Friendly,,Curaçao,full-time
2026-06-06,Scotland,4,0,Bolivia,Friendly,,Scotland,full-time
2025-09-05,Haiti,0,0,Honduras,World Cup,Qualification,,full-time
2025-09-09,Costa Rica,3,3,Haiti,World Cup,Qualification,,full-time
2025-10-09,Nicaragua,0,3,Haiti,World Cup,Qualification,Haiti,full-time
2025-10-13,Honduras,3,0,Haiti,World Cup,Qualification,Honduras,full-time
2025-11-13,Haiti,1,0,Costa Rica,World Cup,Qualification,Haiti,full-time
2025-11-18,Haiti,2,0,Nicaragua,World Cup,Qualification,Haiti,full-time
2026-03-28,Tunisia,1,0,Haiti,Toronto Tournament,,Tunisia,full-time
2026-03-31,Haiti,1,1,Iceland,Toronto Tournament,,,full-time
2026-06-05,Peru,2,1,Haiti,Friendly,,Peru,full-time
2026-05-31,USA,3,2,Senegal,Friendly,,USA,full-time
2026-06-06,USA,1,2,Germany,Friendly,,Germany,full-time
2025-09-05,Trinidad and Tobago,0,0,Curaçao,World Cup,Qualification,,full-time
2025-09-09,Curaçao,3,2,Bermuda,World Cup,Qualification,Curaçao,full-time
2025-10-10,Curaçao,2,0,Jamaica,World Cup,Qualification,Curaçao,full-time
2025-10-14,Curaçao,1,1,Trinidad and Tobago,World Cup,Qualification,,full-time
2025-11-13,Bermuda,0,7,Curaçao,World Cup,Qualification,Curaçao,full-time
2025-11-18,Jamaica,0,0,Curaçao,World Cup,Qualification,,full-time
2026-03-27,China,2,0,Curaçao,FIFA Series,,China,full-time
2026-06-06,Curaçao,4,0,Aruba,Friendly,,Curaçao,full-time
2025-12-18,Tunisia,2,1,Botswana,Friendly,,Tunisia,full-time
2025-12-23,Tunisia,3,1,Uganda,African Nations Cup,1st round,Tunisia,full-time
2025-12-27,Nigeria,3,2,Tunisia,African Nations Cup,1st round,Nigeria,full-time
2025-12-30,Tanzania,1,1,Tunisia,African Nations Cup,1st round,,full-time
2026-01-03,Mali,1,1,Tunisia,African Nations Cup,2nd round,Mali,penalties
2026-06-06,Belgium,5,0,Tunisia,Friendly,,Belgium,full-time
2025-09-04,Tajikistan,2,2,Iran,Central Asian Nations Cup,1st round,,full-time
2025-10-10,Russia,2,1,Iran,Friendly,,Russia,full-time
2025-10-14,Iran,2,0,Tanzania,Friendly,,Iran,full-time
2025-11-13,Cape Verde,0,0,Iran,Al Ain Tournament,Semi-final,Iran,penalties
2026-03-27,Nigeria,2,1,Iran,Al-Nashama Tournament,,Nigeria,full-time
2026-03-31,Costa Rica,0,5,Iran,Al-Nashama Tournament,,Iran,full-time
2026-05-29,Iran,3,1,Gambia,Friendly,,Iran,full-time
2026-06-04,Iran,2,0,Mali,Friendly,,Iran,full-time
2025-12-11,Saudi Arabia,2,1,Palestine,Arab Cup,Quarter-final,Saudi Arabia,full-time
2025-12-15,Jordan,1,0,Saudi Arabia,Arab Cup,Semi-final,Jordan,full-time
2025-12-18,Saudi Arabia,0,0,United Arab Emirates,Arab Cup,3rd place,,full-time
2026-03-28,Saudi Arabia,1,2,Sudan,Friendly,,Sudan,full-time
2026-03-31,Saudi Arabia,3,0,Sudan,Friendly,,Saudi Arabia,full-time
2026-03-31,Serbia,2,1,Saudi Arabia,Friendly,,Serbia,full-time
2026-06-05,Saudi Arabia,3,0,Puerto Rico,Friendly,,Saudi Arabia,full-time
2026-06-09,Saudi Arabia,0,0,Senegal,Friendly,,,full-time
2025-09-04,Mauritius,0,2,Cape Verde,World Cup,Qualification,Cape Verde,full-time
2025-09-09,Cape Verde,1,0,Cameroon,World Cup,Qualification,Cape Verde,full-time
2025-10-08,Libya,3,3,Cape Verde,World Cup,Qualification,,full-time
2025-10-13,Cape Verde,3,0,Eswatini,World Cup,Qualification,Cape Verde,full-time
2025-11-17,Cape Verde,1,1,Egypt,Al Ain Tournament,3rd place,Egypt,penalties
2026-03-27,Chile,4,2,Cape Verde,FIFA Series,,Chile,full-time
2026-03-30,Cape Verde,1,1,Finland,FIFA Series,,Cape Verde,penalties
2026-05-31,Cape Verde,3,0,Serbia,Friendly,,Cape Verde,full-time
2026-06-06,Cape Verde,3,0,Bermuda,Friendly,,Cape Verde,full-time
2025-12-27,DR Congo,1,1,Senegal,African Nations Cup,1st round,,full-time
2025-12-30,Senegal,3,0,Benin,African Nations Cup,1st round,Senegal,full-time
2026-01-03,Senegal,3,1,Sudan,African Nations Cup,2nd round,Senegal,full-time
2026-01-09,Senegal,1,0,Mali,African Nations Cup,Quarter-final,Senegal,full-time
2026-03-28,Senegal,2,0,Peru,Friendly,,Senegal,full-time
2026-03-31,Senegal,3,1,Gambia,Friendly,,Senegal,full-time
2025-11-13,United Arab Emirates,1,1,Iraq,World Cup,Qualification,,full-time
2025-11-18,Iraq,2,1,United Arab Emirates,World Cup,Qualification,Iraq,extra-time
2025-12-03,Iraq,2,1,Bahrain,Arab Cup,1st round,Iraq,full-time
2025-12-06,Iraq,2,0,Sudan,Arab Cup,1st round,Iraq,full-time
2025-12-12,Jordan,1,0,Iraq,Arab Cup,Quarter-final,Jordan,full-time
2026-03-31,Iraq,2,1,Bolivia,World Cup,Qualification,Iraq,full-time
2026-05-29,Iraq,1,0,Andorra,Friendly,,Iraq,full-time
2026-06-09,Venezuela,2,0,Iraq,Friendly,,Venezuela,full-time
2025-12-03,Jordan,2,1,United Arab Emirates,Arab Cup,1st round,Jordan,full-time
2025-12-06,Jordan,3,1,Kuwait,Arab Cup,1st round,Jordan,full-time
2025-12-09,Jordan,3,0,Egypt,Arab Cup,1st round,Jordan,full-time
2025-12-18,Morocco,3,2,Jordan,Arab Cup,Final,Morocco,extra-time
2026-03-27,Costa Rica,2,2,Jordan,Al-Nashama Tournament,,,full-time
2026-03-31,Jordan,2,2,Nigeria,Al-Nashama Tournament,,,full-time
2026-06-07,Colombia,2,0,Jordan,Friendly,,Colombia,full-time
2025-11-16,DR Congo,1,1,Nigeria,World Cup,Qualification,DR Congo,penalties
2025-12-16,DR Congo,2,0,Zambia,Friendly,,DR Congo,full-time
2025-12-23,DR Congo,1,0,Benin,African Nations Cup,1st round,DR Congo,full-time
2025-12-30,DR Congo,3,0,Botswana,African Nations Cup,1st round,DR Congo,full-time
2026-03-25,DR Congo,2,0,Bermuda,Friendly,,DR Congo,full-time
2026-03-31,DR Congo,1,0,Jamaica,World Cup,Qualification,DR Congo,extra-time
2026-06-03,Denmark,0,0,DR Congo,Friendly,,,full-time
2026-06-09,Chile,2,1,DR Congo,Friendly,,Chile,full-time
2025-09-08,Ghana,1,0,Mali,World Cup,Qualification,Ghana,full-time
2025-10-08,Ghana,5,0,Central African Republic,World Cup,Qualification,Ghana,full-time
2025-10-12,Ghana,1,0,Comoros,World Cup,Qualification,Ghana,full-time
2026-06-02,Wales,1,1,Ghana,Friendly,,,full-time
2025-10-14,Panama,1,1,Suriname,World Cup,Qualification,,full-time
2025-11-13,Guatemala,2,3,Panama,World Cup,Qualification,Panama,full-time
2025-11-18,Panama,3,0,El Salvador,World Cup,Qualification,Panama,full-time
2026-01-18,Bolivia,1,1,Panama,Friendly,,,full-time
2026-06-03,Panama,4,2,Dominican Republic,Friendly,,Panama,full-time
2026-06-06,Bosnia and Herzegovina,1,1,Panama,Friendly,,,full-time
